Domain,HMMER_score,Contig,Strand,Hit_length,Hit_start,Hit_stop,Upstream_length,Upstream_delta,Upstream_start,Upstream_stop,Downstream_length,Downstream_delta,Downstream_start,Downstream_stop,Hit,Upstream,Downstream,Source
ParE_toxin,32.4,ERS011807|SC|contig000007,-,100,49333,49635,0,,,,55,-3,49171,49336,MKIVWSKTADKQFSKIDTRYKSRIKSRLEKMDDKASPISDIKKLSSPENHYRLRLGDYRVIYTFGDPPGDTCYVVAVKRRTTTTYLHEEDTEYDYSVHQG,,MKKEKTSMSSFLTAITFVCAWLCWSTTTRMKTTGKIFLMNQTSMITSCCLAKYAT,both
Fic,54.4,ERS011807|SC|contig000018,+,200,85428,86030,55,-8,85271,85436,0,,,,MSDKFGDERDPYLYPALNVLRNRLGIRQAKNLQQAAFEMTALRAATLPLGPRVRGLPYLCAIHHQLYQDLFDWAGRLREVNLYLGDTPFCHFARIEEEGNALMQALEQEDYLSGLPRDTFIERLSWFYGEINVLHPFRLGNGLTQRIFFEQLAIHAGYLLNWRDVDPAGWSAACQQSAMGDLAPLVAIFRKVVSEARESE,MRPLTDKQKSRLWEQTRNTNFQASRRLEGVTVPLVTLTAEEALARLATLRREYER,,both
Cpta_toxin,183.2,ERS011807|SC|contig000004,+,136,130515,130925,88,-17,130268,130532,0,,,,VVLWQSDLRISWRAQWFSLLLHGVVAALVLLVPWPLSYTPIWLLLLSLVVFDCVRSQRRIHARRGEIKLLTDSRLRWQNAEWEILGTPWVINSGMLLRLRHVDTRRGQHLWLAADSMDAGEWRDLRRLVLQKPAQE,MDINNKARIHWACRRGMRELDISIMPFFEYEYDTLSDADKQLFIRLLENDDPDLFNWLMNHGKPADAELQRMVTLIQTRNRERGPVAI,,both
GNAT_acetyltran,28.3,ERS011807|SC|contig000008,-,172,150917,151435,0,,,,149,-1,150471,150918,MSIRPAIKDDCAAIAEIYNHAVVHTAAIWNDKTVDTDNRIAWFEARQLAGFPVLVSEEDGVITGYSSFGDWRAFDGFRHTVEHSVYVHPEHQGKGLGRKLLVALIAEARRLNKHVMVAGIESQNHASLHLHETLGFITTGQMPQVGTKFGRWLDLTFMQLQLDARQDPDGKA,,MNASLTLACLIAAGVGLVVQNTLMVRITQSASTILIAMLLNSLVGIVIFVTMLLLRQGVAGFQELALSVKWWTLIPGLLGSFFVFASISGYQNVGAATTIAVLVASQLVGGLIMDLVRAHGVPVRALIGPLCGAVMLVVGAWLVARRQF,both
HipA_C,105.2,ERS011807|SC|contig000003,+,440,69175,70497,95,0,68888,69175,0,,,,MATLTTWMNNVRVGTLTRQANGAHSFRYDEEWLRSPRARPLSLSLPLQYGNITADAVYHYFDNLLPDSPQVRDRIVRRYQARSKQPFDLLAEVGRDSVGAVTLLPPGEEAHLEGLRWQTLDEAQLTALLTAYQSDIPLGMITSQDDFRISVAGAQEKTALLRMGEQWCIPQGATPTTHIIKLPIGEIKQPNATLDLRESVDNEYLCLALARELGLAVPEAEIITTPRIRALAVTRFDRRWAQEGRVLLRLPQEDLCQAFGLPSAMKYESDGGPGIAAIMTFLLGSSEALKDRYDFMKFMVFQWLTGATDGHAKNFSIYLLPGGSYRLTPFYDIISAFPVLGGTGLHLRDLKLSMGLNATKGRKTEINAIYPRHFLATAKAVNFPLEQMLAILQEFAGHVPQAIESARRTLPADFSSHVWQAITENMLKLHARLQQGLQAL,MMVRNKAMNSPQIYSPVQLANYLKLLRQQNHWTQDALARRIGIKQATLSNFENHPDKTTLTTLFKILQSLGVVMTLNAKAAETAPAPDNNTDLDW,,both
HD,49.0,ERS011807|SC|contig000002,-,235,169251,169958,93,43,170001,170282,0,,,,MDLVDWQQRFERWILTHHAQDDAAHDLSHFRRVWATATQLAAGEEVDRLVLLTACYFHDIVSLPKNHPERSRSSMMAAEKTLAILQSAFADFPADRYPAVSHAIEAHSFSAAIPPRTLEAKIVQDADRLESLGAIGLARVFAVAGALNTILFDAEDPFADRRALDDRKYALDHFQCKLLRLPETMQTDKGKAMAQHNARFLVEFMAKLSAELQGEPLALDEAVLRRFAPQASTDR,MEEQAKRSPGGKLALWALYAFCGYCVWVIVRYWWVVGKIHSVPGASVEGDFGTTAGKWLGALLGMLVLGGIGSILGAVVWYTRPSRGEQDHQR,,both
Gp49,77.8,ERS011807|SC|contig000018,+,115,32227,32574,0,,,,99,0,32574,32871,MWDVETTDTFDAWFELQSRALKEDMLATMLILSEFAPQLGRPYVDTVKDSTFQNMKELRVQHHGLPIRACFAFDPLRKAIVLCVGNKDGMNEKRFYKEMITLADREFSQHLTKER,,MATLKELMAKQSPDSQQRIAAKAAEIRQSVALNLLREELQMSQTEMAAAMGVKQPTIAKMEQADNDPRLSTLKRYIAALGGELSINVTLPTGKKVSFNL,both
Phage_pRha,60.7,ERS011807|SC|contig000026,+,235,36198,36905,106,-8,35888,36206,74,-10,36895,37119,MMNNLITNKPSMTSLEIAELVEKRHDNVKRTIETLIMRGVITSPQIEEKPTAGRPTTIYVFESEEGKRDSIIVVAQLSPEFTARLVDRWKELEEERSRPKSQAELIAEMALLNVEQERRLYQVEEQVETVVEAVENIKRGNMRAGYVGYRQVVAKSGMTDAKCRNLVNAYRIPTDTHEFMTPDGLLSRRAIVEFEPFMKAFRQMMAEAEPRGTRWYHPKMGLFQAIGWEEKHCEN,MILAVLILLLSIPASMAPLASIRDLNALHSPTILSWGQSRNMGQRLASSWRCGCIRTWLLLTKNLGSGYQHLAGRGLTSSMTALSNTSRSKVCPKHRLCIEGNDDE,VKIEFNDQGSVSVITVTSTVFEFRRHNRAIDVALFLTPEITSQSSGFFIMKTILSGKTHHALRAYKHLIREAKQ,both
Polyketide_cyc2,34.6,ERS011807|SC|contig000006,+,145,216308,216745,0,,,,96,-10,216735,217023,MPQISRTALVPFSAEQMYQLVNDVKSYPDFLPGCTGSRVLELGPTQMTAAVDVSKAGISKTFTTRNTLTSNQSILMSLVDGPFKKLIGGWKFIPLSPEACKIEFHLDFEFTNKLIEMAFGRVFKELAANMVQAFTSRAKEVYSAS,,MPANIRVEVAYALPEKQYLQRVTLDEGATVEQAIVASGLLALRDDIDLAKNKLGIYSRPVKLHDEVHDGDRVEIYRPLIADPKELRRQRAEKSAAK,both
AbiEii,23.8,ERS011807|SC|contig000004,-,287,9880,10743,0,,,,78,35,9611,9845,MTTREPQSAADYEDRTTAAVKSVLIEIGQILGSYKGKFTVIGGAVPWLLLNNDDMPHVGTLDIDLDLDSTALGDGEYATLVESLQGCGYEQREGVTRAFQLVRTIPASDDGPAIDIIIDFLRPRDAELVKNAPPLISNFAVQRADGADLALKFYEMVAISGAMPEGGKNTVEIAVCSIPALLAMKGYALNGRHKQKDSYDIYYCVRNYEDGPEALAQECLPILAEESGAIGYGYIAQKFDEVEGYGPTSVRKFVEETKLLGERTPEQWQQDAFGQVDLWLRALNLRS,,MLAQDPYGRPTNTSISFGHNERHYFKIIFTFVKVVFQPSGVSYPTIGIVHKTQQLFTVRMGTITLRINQQLTPDIFCF,annotation
DUF3749,20.1,ERS011807|SC|contig000017,-,141,21199,21624,0,,,,149,-13,20765,21212,MEIRVFRQQDFEEVVTLWERCDLLRPWNDPEMDIERKLNHDVSLFLVAEVNGEVVGTVMGGYDGHRGSAYYLGVHPEYRGRGIANALLNRLEKKLIARGCPKINIMVREDNDVVQGMYERLGYEYADVLTLGKRLIEDEEY,,MKNTEFIPADFDAHGRLRLPLLFWCVLLLQARTWVLFLMAGASRQQGDAILNLFYPDHERFWLGLLPGVPAVLAFLLSGYRQRLPRLWRAMRWLLVLSQVLLLLWQPMLWLSGESPSSLTIALLVADGYALWWLLTSRRLGACFHQTTF,both
PIN,69.2,ERS011807|SC|contig000029,+,127,22028,22411,82,0,21780,22028,0,,,,MTSGSALFDTNILIDLFSGRREAKQALEAWPPQNAISLITWMEVMVGAKKYHQEQRTRMALSTFNIINISQDIAERSVALRQEYKLKLPDAIILATAQLHRLELITRNTKDFAGIPGVVTPYEIHPE,MSMMAERDMGRILLDLSDDVIQRLDDLKVQRNIPRAELLREAVEQYLEKQDRAKDTISSALGLWQDCEEDGMEYQRQLRKEW,,both
Gp49,80.0,ERS011807|SC|contig000056,+,116,12692,13040,0,,,,92,-8,13032,13308,MCTYGPEITFMFTVIFHDEAEKEFTALPAAIRAKMARLLMKLEANPRQLREPDTKPLGNGLFEIRTMGADIARGIWVYQSGERIFLLRIFIKKSPKTPPAEIDQALRRLEEMQNEI,,MKYKTLSQVHTEAMNDHEYSAAFEAEEASELLRETLATWRKEAGLTSAQVAERMGIKAPTISRMEKNASRMSIQTLVRYARACGVNFKIQQV,sixframe
RelE,137.4,ERS011807|SC|contig000020,+,119,8922,9281,0,,,,107,-16,9265,9586,MRIFKTKWFAREASSHGISDDELYQAIQSALQGKVVDLGGGVYKKRLNKNRDRAIILTKSAEYWFYTFLYAKQDMANINHRELMGFRELAKHYANLSEEKTTVLVKSKELVEICDDSKK,,MTAKNKYKSPAFEAIHSAASGLFSVGAIPQETMRHFDESCLGSVATLQPIEIKALREQLNVSQPVFARYLNTSVSTVQKWETGAKRPSGMSLKLLSVVQKHGLKILL,both
ParE_toxin,42.4,ERS011807|SC|contig000034,+,94,12444,12728,92,-8,12176,12452,66,13,12741,12939,MTYELEFDPRAWREWQKPGETVKKQFKNKLQQIVQNPRIESARLSDLPDCYKIKLKASGYRLVYQVRDSVVVVYVIAIGKREKAAVYHQANKRL,MLHYKIPLSGGIMATLNVRLDDKLKKEAYAVLEKLDMTPTEAVRLLFQYIAENGRMPVKSMTISDGEAALLRTVRERLENPRPGVKVSLDDL,MMYDLVAAAAPDKRRIFQILHKLTVNQHVNQVHDFHLLGVQFVNLIARPDPDIFAGAFGAHALNQL,both
CcdB,95.1,ERS011807|SC|contig000003,+,108,283695,284019,62,-1,283510,283696,0,,,,MMLEQFNVYRNCSAQTNKTLPYYMIVQNDYYTDLATRVIIPLMRPQQLPRWHQHAVPRINIEFDSFLLCTPMSSNLNNKRIPPQDFVCNLSHARQGVIDSIDTLITNC,MMKSNTLRKRPTDVPVQKASEQPGKDLREADKQRQHKEFIAAMNEFITKGGTLTDDEFFRVL,,sixframe
Bro-N,35.3,ERS011807|SC|contig000045,+,237,16908,17621,56,-8,16748,16916,0,,,,MVSKNSEAPLAATFGASIENNREGNIDMNSVQNKELSFHNVTLVPAPVADGIWLTSADIAKALGYASSKSVSTIYSRNSDEFTSSMSMVIKMKTNGINNNLREKSVRVFSLRGCHLIAMFATTDKAKEFRRWVLDILDREVAHSPIAKQFSDEELCSLSYLWRSSAVMYEACHNIYPLLLAAEHKLLPRFASIVTNHARTINRTRDLLRRETKHIEEHPWGDTNWKNVFSYGTGVLQ,MDTLYTERKSSSFQLRLPEGMKEEIRRMAEMDGISINSAIVQRLAKSLREERMNGQ,,both
Fic,35.6,ERS011807|SC|contig000018,+,122,6256,6624,73,-1,6038,6257,0,,,,MTLQIISAEEIIQFHDRLLRVTPGVAGMPDPGRAEAIMYRVLNKIEYEGVTDVWRLAAMHLLAISRGHIFNDGNKRTALFITLLFLKRNGIILPANPDFVGMTVEAAAGQLTLEQIVARLRG,MRTVNYSEARQNLADVLESAVTGVPVTITRRGHKSAVIISAEEFERYQTARMDDEFAAIMAVHGDEIRELADK,,annotation
Phage_pRha,66.0,ERS011807|SC|contig000004,+,230,142828,143520,0,,,,78,6,143526,143760,MNIINLDQLISMTSKEIAELTGKRHDNVIRDVRKMLDEIYPDGGLLSFEDTYVNTQNGETYSMYRLDRKHTFILVAGYSVQLRAKCYDHIQMLEQKVLRLEDQQKRAAVQSANRRGVTWGDYCKTHGLPAQKLMNILKRERKLFQVHPVSGEWSVNPKYAEYFRVIKPTDQRFNPSGINIRFNAKGLEFFGQPEHVLKMRGKVIEIHGTDAEKQKHLLDVASTAPQNEGL,,MKNLHPVADLPPDFTVDMKIDPRTPEGRKAMRLVDVPTAALIAALGLPPKHIRPDMYYSKGALCLMATAEGLTPMDFK,annotation
AntA,88.6,ERS011807|SC|contig000005,-,259,272367,273146,94,11,273157,273441,0,,,,MQKLNELVPVNPGNIGGVTVSLVSAKKLHEFLGVGRDFTTWIKGRISQYGFTAGVDFTVVENLSAPVSGSAKYRQQIAHDYLITIDMGKELAMVERNEKGREVRRYFINCERQAKAAANIPQTLPEALRLAADLAEKASELENRLVAAAPKVDFADRVAEISKGISIPNYAKAVGLGPIKLFGWMRQQGILINGGQRHNLPMQRYIDSGYFAVRQGTYETNGEVRASFTTMLTGKGEQWLTKRLIAGGVLPEVPNADAE,MSNTRFTPPTPEQRRTILAEYGIKFDRRIRESECFEITSLSRSTRWYMENEGKFPPRCHFGRNSCAWLLSDVLWWVRNPPAVENVNTPYNRKSA,,annotation
